Maps,DM-Rankin-ME-2023-b2Mini-LG.ut2,3E35BB9446F8E532BFCBA0969324548A
Maps,DM-Rankin-dft_edit_v1.ut2,E8911FDA45F5B0623B10CF8DD17E9D62
Maps,DM-Sateca-ME-2023-b2.ut2,5721E7AD4FDBE0C430C67EAF343F9D62
System,iTSFake.u,22FA47E24BA0817B7EFFEBBD6DE2D088
System,NoDoubleDamage.u,732090E011D87D1C30000B8CB7637684
System,WeaponReplacementv2.u,94AD15FC496E4B6DE8166699E314961E
System,Tickrate.u,DF36D60443559A27A8678E80AAD5BC1A
Textures,minimegatex.utx,001E68004318C8D0E45459A77A34E789
System,UTCompv18bK.u,30791CC74337888A86C0DF86414C3217
System,UTCompv18bKAlpha.u,D09E012640562A076A6DDDB8A8A9A74B
System,kMods.u,E4047F894EA020B9B8E0E48B840DDF01
System,AntiTCC2009r6.u,E876CDEB4F1E62B5D51C079241D20574
System,AdminTakeoverWorkaround.u,5807419643E5016EDBA65E8866FD3224
