System,LibHTTP2.u,1DDEAADC4EE67157EBB6CE8E861BC28B
System,OLStats.u,0365F1DE4EE32A657B79CBB2BA8B2B6D
System,WtfToolsV1.u,713485D94E35DA46ACE8A4BA61C4EB1E
System,ScreenSenderFinal.u,3F171408464EE4577B73788697B28897
System,iTSFake.u,22FA47E24BA0817B7EFFEBBD6DE2D088
System,ClanManager1h_7T.u,8F3359FD4A666ED230AEB0856320AD63
System,NoDoubleDamage.u,732090E011D87D1C30000B8CB7637684
System,WeaponReplacementv2.u,94AD15FC496E4B6DE8166699E314961E
System,Tickrate.u,DF36D60443559A27A8678E80AAD5BC1A
Textures,minimegatex.utx,001E68004318C8D0E45459A77A34E789
System,UTCompv18c.u,650F54104AD9BE4E00F330AA1EACAB46
System,UTCompv18b_k1.u,817038C848CA73E471720B820B60C4A1
System,3SPNvUFC.u,789C63AC4E8C3EE8984465AA848F833B
